City,Country,Date,Lat,Lng,Max Temp,Humidity,Cloudiness,Wind Speed,Current Description,Rain Inches (last 3 hrs),Snow Inches (last 3 hrs)
Busselton,AU,2020-04-20 04:43:58,-33.65,115.33,69.01,65,97,11.99,light rain,0.3,0.0
Laguna,US,2020-04-20 04:39:00,38.42,-121.42,60.01,67,1,5.82,clear sky,0.0,0.0
Naro Moru,KE,2020-04-20 04:44:00,-0.17,37.02,58.3,53,100,1.77,light rain,2.48,0.0
Port Alfred,ZA,2020-04-20 04:32:14,-33.59,26.89,69.01,64,0,4.61,clear sky,0.0,0.0
Arraial Do Cabo,BR,2020-04-20 04:32:26,-22.97,-42.03,70.61,81,46,7.05,scattered clouds,0.0,0.0
Ribeira Brava,PT,2020-04-20 04:44:02,32.65,-17.07,62.01,79,14,4.0,light rain,0.15,0.0
Igualada,ES,2020-04-20 04:44:03,41.58,1.62,57.0,91,100,5.01,light rain,0.0,0.0
Machali,CL,2020-04-20 04:44:03,-34.18,-70.67,65.07,29,2,2.21,clear sky,0.0,0.0
Bengkulu,ID,2020-04-20 04:33:20,-3.8,102.27,88.72,59,47,6.26,scattered clouds,0.0,0.0
Vestmannaeyjar,IS,2020-04-20 04:36:44,63.44,-20.27,46.38,92,100,26.24,light rain,0.18,0.0
Sfantu Gheorghe,RO,2020-04-20 04:44:05,45.87,25.78,43.0,88,99,5.77,light rain,0.19,0.0
Kruisfontein,ZA,2020-04-20 04:42:09,-34.0,24.73,68.2,49,0,1.9,clear sky,0.0,0.0
Cape Town,ZA,2020-04-20 04:33:30,-33.93,18.42,63.0,77,75,14.99,broken clouds,0.0,0.0
Karia,NG,2020-04-20 04:44:08,11.73,11.16,79.02,14,52,4.79,broken clouds,0.0,0.0
Lagoa,PT,2020-04-20 04:38:14,39.05,-27.98,56.62,57,19,9.51,few clouds,0.0,0.0
Hambantota,LK,2020-04-20 04:41:04,6.12,81.12,89.6,79,20,13.87,few clouds,0.0,0.0
Derzhavinsk,KZ,2020-04-20 04:44:10,51.1,66.32,70.59,28,92,17.81,overcast clouds,0.0,0.0
Punta Arenas,CL,2020-04-20 04:37:05,-53.15,-70.92,42.8,75,40,28.86,scattered clouds,0.0,0.0
Ilulissat,GL,2020-04-20 04:37:30,69.22,-51.1,24.8,58,100,29.97,light shower snow,0.0,0.0
Geraldton,AU,2020-04-20 04:39:08,-28.77,114.6,75.0,46,75,13.87,broken clouds,0.0,0.0
Torbay,CA,2020-04-20 04:40:44,47.67,-52.73,35.6,100,90,24.16,light intensity drizzle,0.0,0.0
Pindiga,NG,2020-04-20 04:44:14,9.98,10.93,77.02,59,56,12.8,broken clouds,0.0,0.0
Upernavik,GL,2020-04-20 04:37:27,72.79,-56.15,17.92,95,46,18.54,light snow,0.0,0.4
Wattegama,LK,2020-04-20 04:41:29,6.8,81.48,89.6,79,20,13.87,few clouds,0.0,0.0
Turayf,SA,2020-04-20 04:34:29,31.67,38.66,59.0,62,0,4.7,clear sky,0.0,0.0
Hermanus,ZA,2020-04-20 04:36:43,-34.42,19.23,60.01,78,11,11.99,few clouds,0.0,0.0
Cidreira,BR,2020-04-20 04:41:40,-30.18,-50.21,65.88,86,0,14.16,clear sky,0.0,0.0
Ponta Do Sol,PT,2020-04-20 04:33:00,32.67,-17.1,62.01,76,17,8.99,light rain,0.17,0.0
Tazovskiy,RU,2020-04-20 04:35:44,67.47,78.7,35.17,95,90,10.96,overcast clouds,0.0,0.0
Chuy,UY,2020-04-20 04:37:10,-33.7,-53.46,63.68,85,0,9.28,clear sky,0.0,0.0
Necochea,AR,2020-04-20 04:38:21,-38.55,-58.74,57.74,79,95,6.4,overcast clouds,0.0,0.0
Krasnoarmeysk,RU,2020-04-20 04:44:22,51.02,45.7,45.55,67,52,7.52,broken clouds,0.0,0.0
Akhtubinsk,RU,2020-04-20 04:44:23,48.28,46.17,56.88,51,73,12.53,broken clouds,0.0,0.0
Timra,SE,2020-04-20 04:44:24,62.49,17.33,42.01,73,64,3.36,broken clouds,0.0,0.0
Taoudenni,ML,2020-04-20 04:38:47,22.68,-3.98,72.91,27,0,5.91,clear sky,0.0,0.0
Amboasary,MG,2020-04-20 04:44:25,-25.03,46.38,71.6,94,40,9.17,scattered clouds,0.0,0.0
Alboraya,ES,2020-04-20 04:44:26,39.5,-0.35,57.99,100,20,2.24,few clouds,0.0,0.0
Hithadhoo,MV,2020-04-20 04:37:13,-0.6,73.08,85.08,74,88,11.41,overcast clouds,0.0,0.0
Ushuaia,AR,2020-04-20 04:31:44,-54.8,-68.3,39.2,86,90,25.28,shower rain,0.0,0.0
Salalah,OM,2020-04-20 04:36:12,17.02,54.09,82.4,69,20,4.7,few clouds,0.0,0.0
San Luis,AR,2020-04-20 04:43:16,-33.3,-66.34,59.9,53,0,4.14,clear sky,0.0,0.0
Iaciara,BR,2020-04-20 04:44:31,-14.1,-46.63,68.13,80,25,2.73,scattered clouds,0.0,0.0
Aguimes,ES,2020-04-20 04:44:32,27.91,-15.45,64.4,68,20,11.41,few clouds,0.0,0.0
Qaanaaq,GL,2020-04-20 04:37:07,77.48,-69.36,14.59,82,62,10.51,broken clouds,0.0,0.0
Itarema,BR,2020-04-20 04:42:06,-2.92,-39.92,76.3,88,13,3.27,few clouds,0.0,0.0
Cockburn Town,TC,2020-04-20 04:41:44,21.46,-71.14,79.09,82,38,18.48,scattered clouds,0.0,0.0
Bafang,CM,2020-04-20 04:44:35,5.16,10.18,64.62,71,100,1.54,light rain,0.22,0.0
Belyy Yar,RU,2020-04-20 04:44:36,53.6,91.39,57.2,24,34,2.24,scattered clouds,0.0,0.0
Port Elizabeth,ZA,2020-04-20 04:32:05,-33.92,25.57,69.8,49,0,12.75,clear sky,0.0,0.0
Clyde River,CA,2020-04-20 04:38:45,70.47,-68.59,-11.2,69,1,4.7,clear sky,0.0,0.0
Mahebourg,MU,2020-04-20 04:40:49,-20.41,57.7,75.2,88,40,11.41,shower rain,0.0,0.0
Bredasdorp,ZA,2020-04-20 04:36:37,-34.53,20.04,57.2,87,0,2.24,clear sky,0.0,0.0
East London,ZA,2020-04-20 04:37:20,-33.02,27.91,84.2,45,0,11.41,clear sky,0.0,0.0
Dikson,RU,2020-04-20 04:37:45,73.51,80.55,33.03,96,93,14.9,overcast clouds,0.0,0.0
Teya,RU,2020-04-20 04:44:42,60.38,92.63,44.13,53,98,9.6,overcast clouds,0.0,0.0
Jamestown,US,2020-04-20 04:36:51,42.1,-79.24,39.0,74,90,10.29,overcast clouds,0.0,0.0
Sao Lourenco Do Sul,BR,2020-04-20 04:44:43,-31.37,-51.98,64.99,94,0,5.61,clear sky,0.0,0.0
Mehamn,NO,2020-04-20 04:38:26,71.04,27.85,39.2,76,40,20.8,scattered clouds,0.0,0.0
Laureles,US,2020-04-20 04:44:45,26.11,-97.49,78.01,94,1,4.7,mist,0.0,0.0
Dudinka,RU,2020-04-20 04:44:46,69.41,86.18,37.4,69,100,29.08,light snow,0.0,0.87
Darnah,LY,2020-04-20 04:44:47,32.77,22.64,63.3,59,97,9.57,overcast clouds,0.0,0.0
Jizan,SA,2020-04-20 04:44:48,17.33,42.67,86.0,70,75,4.7,broken clouds,0.0,0.0
Camacha,PT,2020-04-20 04:41:40,33.08,-16.33,64.4,77,40,11.41,scattered clouds,0.0,0.0
Sakakah,SA,2020-04-20 04:44:49,29.97,40.21,66.2,45,6,5.82,clear sky,0.0,0.0
Abu Kamal,SY,2020-04-20 04:44:50,34.45,40.92,82.06,22,67,13.49,broken clouds,0.0,0.0
Qaqortoq,GL,2020-04-20 04:44:51,60.72,-46.03,23.0,49,2,6.24,clear sky,0.0,0.0
Kutum,SD,2020-04-20 04:44:52,14.2,24.67,74.05,13,100,4.92,overcast clouds,0.0,0.0
Saint-Augustin,CA,2020-04-20 04:41:19,51.23,-58.65,28.47,98,100,15.59,snow,0.0,3.84
Grand Gaube,MU,2020-04-20 04:44:54,-20.01,57.66,75.2,88,40,11.41,shower rain,0.0,0.0
Partyzany,UA,2020-04-20 04:44:54,46.33,34.75,49.14,72,100,9.82,light rain,1.33,0.0
Santiago Del Estero,AR,2020-04-20 04:44:55,-27.8,-64.26,64.38,53,0,7.11,clear sky,0.0,0.0
Truro,GB,2020-04-20 04:44:56,50.27,-5.05,53.01,70,99,8.05,overcast clouds,0.0,0.0
Rjukan,NO,2020-04-20 04:44:57,59.88,8.59,35.01,79,1,7.0,clear sky,0.0,0.0
Abu Dhabi,AE,2020-04-20 04:33:42,24.47,54.37,87.8,33,85,5.82,overcast clouds,0.0,0.0
Georgetown,MY,2020-04-20 04:40:35,5.41,100.34,93.2,74,20,5.82,few clouds,0.0,0.0
Saint-Georges,GD,2020-04-20 04:42:52,12.06,-61.75,78.8,88,40,11.41,light intensity shower rain,0.0,0.0
Saint Anthony,US,2020-04-20 04:45:01,45.02,-93.22,42.01,47,1,8.39,clear sky,0.0,0.0
Vila Franca Do Campo,PT,2020-04-20 04:37:12,37.72,-25.43,53.6,66,20,9.17,few clouds,0.0,0.0
Longyearbyen,SJ,2020-04-20 04:42:05,78.22,15.64,23.0,85,75,29.97,shower rain,0.0,0.0
Mandera,KE,2020-04-20 04:45:03,3.94,41.87,75.0,24,100,13.65,light rain,0.77,0.0
Spas-Demensk,RU,2020-04-20 04:45:04,54.41,34.02,38.68,69,1,8.59,clear sky,0.0,0.0
Herat,AF,2020-04-20 04:35:14,34.5,62.0,66.2,55,0,3.36,clear sky,0.0,0.0
Sayyan,YE,2020-04-20 04:45:05,15.17,44.32,64.45,27,98,2.28,overcast clouds,0.0,0.0
Ribeira Grande,PT,2020-04-20 04:33:40,38.52,-28.7,56.05,57,35,5.17,scattered clouds,0.0,0.0
Druzhba,UA,2020-04-20 04:45:07,52.04,33.95,39.88,67,0,10.92,clear sky,0.0,0.0
Khuzdar,PK,2020-04-20 04:45:08,27.74,66.64,77.86,17,74,12.66,broken clouds,0.0,0.0
Akureyri,IS,2020-04-20 04:45:09,65.68,-18.09,44.6,70,4,21.92,clear sky,0.0,0.0
Lebu,CL,2020-04-20 04:39:16,-37.62,-73.65,55.72,69,100,9.55,overcast clouds,0.0,0.0
Saint-Philippe,RE,2020-04-20 04:40:39,-21.36,55.77,79.0,73,40,16.11,scattered clouds,0.0,0.0
Mar Del Plata,AR,2020-04-20 04:32:12,-38.0,-57.56,62.01,93,89,4.85,overcast clouds,0.0,0.0
Cefalu,IT,2020-04-20 04:45:13,38.04,14.02,66.0,75,99,1.99,light rain,0.21,0.0
Matelandia,BR,2020-04-20 04:45:13,-25.24,-54.0,62.6,93,0,2.24,clear sky,0.0,0.0
Nouadhibou,MR,2020-04-20 04:45:14,20.93,-17.03,64.63,69,0,22.84,clear sky,0.0,0.0
Bela,IN,2020-04-20 04:45:15,25.93,81.98,102.81,12,47,9.31,scattered clouds,0.0,0.0
Micomeseng,GQ,2020-04-20 04:45:16,2.15,10.62,70.07,85,100,1.74,light rain,0.5,0.0
Saint George,US,2020-04-20 04:35:15,37.1,-113.58,62.6,42,20,17.22,few clouds,0.0,0.0
Chapleau,CA,2020-04-20 04:45:17,47.84,-83.4,13.24,92,14,4.72,few clouds,0.0,0.0
Bandarbeyla,SO,2020-04-20 04:45:19,9.49,50.81,83.8,65,72,2.57,broken clouds,0.0,0.0
Souillac,MU,2020-04-20 04:37:49,-20.52,57.52,75.2,88,40,11.41,shower rain,0.0,0.0
Pisz,PL,2020-04-20 04:45:21,53.63,21.81,40.15,66,0,5.57,clear sky,0.0,0.0
Bara,NG,2020-04-20 04:45:22,10.37,10.73,80.33,47,58,9.1,broken clouds,0.0,0.0
Olafsvik,IS,2020-04-20 04:41:41,64.89,-23.71,44.2,91,100,16.51,overcast clouds,0.0,0.0
Muros,ES,2020-04-20 04:41:06,42.78,-9.06,51.01,94,99,6.46,light rain,0.14,0.0
Chapais,CA,2020-04-20 04:41:45,49.78,-74.85,6.8,71,1,8.05,clear sky,0.0,0.0
Huruta,ET,2020-04-20 04:45:24,8.15,39.35,67.8,34,96,1.54,overcast clouds,0.0,0.0
Saldanha,ZA,2020-04-20 04:33:19,-33.01,17.94,59.0,82,85,11.41,overcast clouds,0.0,0.0
Tvedestrand,NO,2020-04-20 04:45:26,58.62,8.93,37.99,62,0,5.82,clear sky,0.0,0.0
Maine-Soroa,NE,2020-04-20 04:45:27,13.21,12.02,81.66,14,51,4.05,broken clouds,0.0,0.0
Frankfort,ZA,2020-04-20 04:45:29,-27.27,28.48,57.27,45,0,5.88,clear sky,0.0,0.0
Kaka,TM,2020-04-20 04:45:29,37.35,59.61,77.32,22,0,3.74,clear sky,0.0,0.0
Correntina,BR,2020-04-20 04:45:30,-13.34,-44.64,67.26,78,37,4.63,scattered clouds,0.0,0.0
Campos Novos,BR,2020-04-20 04:45:31,-27.4,-51.23,48.45,76,4,2.84,clear sky,0.0,0.0
Cayenne,GF,2020-04-20 04:36:16,4.93,-52.33,77.0,100,100,7.43,moderate rain,5.99,0.0
Svetlyy,RU,2020-04-20 04:38:25,54.67,20.13,39.2,80,0,8.95,clear sky,0.0,0.0
Atasu,KZ,2020-04-20 04:38:34,48.68,71.64,71.51,23,73,11.52,broken clouds,0.0,0.0
Marawi,PH,2020-04-20 04:37:47,8.0,124.29,78.69,67,98,4.03,moderate rain,6.36,0.0
Constantine,DZ,2020-04-20 04:36:52,36.37,6.61,57.2,93,75,4.7,broken clouds,0.0,0.0
Los Llanos De Aridane,ES,2020-04-20 04:42:30,28.66,-17.92,60.8,72,8,4.7,clear sky,0.0,0.0
Mecca,SA,2020-04-20 04:45:36,21.43,39.83,80.74,57,49,3.36,light rain,0.73,0.0
Raudeberg,NO,2020-04-20 04:45:37,61.99,5.14,41.0,93,0,8.05,clear sky,0.0,0.0
Rawson,AR,2020-04-20 04:41:37,-43.3,-65.1,57.31,44,48,27.11,scattered clouds,0.0,0.0
Clemson,US,2020-04-20 04:43:19,34.68,-82.84,54.0,93,90,2.1,moderate rain,0.0,0.0
Husavik,IS,2020-04-20 04:43:05,66.04,-17.34,44.6,70,4,21.92,clear sky,0.0,0.0
Albany,US,2020-04-20 04:34:53,42.6,-73.97,50.0,62,96,3.0,light rain,0.3,0.0
Anstruther,GB,2020-04-20 04:45:40,56.22,-2.7,42.8,87,0,9.17,clear sky,0.0,0.0
Sao Paulo De Olivenca,BR,2020-04-20 04:45:41,-3.38,-68.87,72.5,93,48,0.81,scattered clouds,0.0,0.0
Kuito,AO,2020-04-20 04:45:42,-12.38,16.93,59.68,59,71,3.98,broken clouds,0.0,0.0
Minab,IR,2020-04-20 04:45:43,27.15,57.08,80.6,65,20,4.7,few clouds,0.0,0.0
Yar-Sale,RU,2020-04-20 04:45:44,66.83,70.83,34.43,99,100,9.06,overcast clouds,0.0,0.0
Hami,CN,2020-04-20 04:45:45,42.8,93.45,70.9,13,85,4.56,overcast clouds,0.0,0.0
Bati,ET,2020-04-20 04:45:46,11.18,40.02,74.48,34,100,2.21,overcast clouds,0.0,0.0
Voloshka,RU,2020-04-20 04:45:47,61.33,40.09,33.84,89,100,3.69,light snow,0.0,0.26
Peniche,PT,2020-04-20 04:45:48,39.36,-9.38,55.99,81,89,5.01,overcast clouds,0.0,0.0
Carbonia,IT,2020-04-20 04:45:49,39.17,8.52,64.4,77,40,13.87,scattered clouds,0.0,0.0
Arlit,NE,2020-04-20 04:34:06,18.74,7.39,83.25,12,0,10.33,clear sky,0.0,0.0
Coquimbo,CL,2020-04-20 04:37:57,-29.95,-71.34,60.8,87,6,1.12,clear sky,0.0,0.0
Fatehpur,IN,2020-04-20 04:45:51,25.93,80.8,101.77,12,63,3.18,broken clouds,0.0,0.0
Nanortalik,GL,2020-04-20 04:36:18,60.14,-45.24,28.29,84,8,5.12,clear sky,0.0,0.0
Veraval,IN,2020-04-20 04:45:53,20.9,70.37,93.9,32,0,13.13,clear sky,0.0,0.0
Mersin,TR,2020-04-20 04:45:54,36.86,34.65,59.0,100,40,2.39,mist,0.0,0.0
Lake City,US,2020-04-20 04:45:55,30.19,-82.64,77.0,94,40,3.36,scattered clouds,0.0,0.0
Ondjiva,AO,2020-04-20 04:39:21,-17.07,15.73,66.42,61,76,5.08,broken clouds,0.0,0.0
Roald,NO,2020-04-20 04:37:40,62.58,6.13,39.2,93,0,9.17,clear sky,0.0,0.0
Margate,GB,2020-04-20 04:45:57,51.38,1.39,50.0,70,0,4.0,clear sky,0.0,0.0
Sarkand,KZ,2020-04-20 04:41:07,45.41,79.92,66.69,22,0,6.93,clear sky,0.0,0.0
Kilindoni,TZ,2020-04-20 04:45:59,-7.91,39.67,80.28,79,94,15.26,light rain,0.81,0.0
Zakopane,PL,2020-04-20 04:42:42,49.3,19.95,30.2,58,20,4.7,few clouds,0.0,0.0
Itupiranga,BR,2020-04-20 04:46:01,-5.13,-49.33,78.8,100,93,5.82,light rain,0.92,0.0
Yenagoa,NG,2020-04-20 04:46:01,4.92,6.26,76.46,88,100,2.66,overcast clouds,0.0,0.0
Khudumelapye,BW,2020-04-20 04:46:02,-23.88,24.75,63.9,42,0,6.49,clear sky,0.0,0.0
Jodiya,IN,2020-04-20 04:46:03,22.69,70.31,91.0,37,32,14.34,scattered clouds,0.0,0.0
Porangatu,BR,2020-04-20 04:46:04,-13.44,-49.15,71.28,84,96,2.26,light rain,1.0,0.0
Bathsheba,BB,2020-04-20 04:40:31,13.22,-59.52,78.8,74,20,14.99,few clouds,0.0,0.0
Ambovombe,MG,2020-04-20 04:46:05,-25.17,46.08,77.18,62,4,17.69,light rain,0.13,0.0
Tasiilaq,GL,2020-04-20 04:37:41,65.61,-37.64,32.0,85,100,6.93,overcast clouds,0.0,0.0
Odweyne,SO,2020-04-20 04:46:07,9.41,45.06,78.39,44,90,14.07,overcast clouds,0.0,0.0
Coracora,PE,2020-04-20 04:46:08,-15.03,-73.78,46.4,29,19,2.04,few clouds,0.0,0.0
Tefe,BR,2020-04-20 04:46:08,-3.35,-64.71,73.42,96,95,0.96,light rain,0.97,0.0
Ostrovnoy,RU,2020-04-20 04:39:06,68.05,39.51,34.3,91,72,9.78,broken clouds,0.0,0.0
Muyezerskiy,RU,2020-04-20 04:46:10,63.93,31.65,36.07,82,100,6.69,overcast clouds,0.0,0.0
Loanhead,GB,2020-04-20 04:46:10,55.88,-3.16,37.99,93,40,2.24,mist,0.0,0.0
Ylojarvi,FI,2020-04-20 04:46:11,61.56,23.6,39.2,77,47,2.24,scattered clouds,0.0,0.0
Santa Cruz Del Sur,CU,2020-04-20 04:46:12,20.71,-78.0,78.82,82,28,6.06,light rain,0.49,0.0
Zaranj,AF,2020-04-20 04:46:13,30.97,61.88,69.8,64,25,11.41,scattered clouds,0.0,0.0
Khazar,RU,2020-04-20 04:46:14,42.0,48.33,58.23,67,65,2.75,broken clouds,0.0,0.0
Goundam,ML,2020-04-20 04:46:14,16.41,-3.67,82.65,32,86,12.55,overcast clouds,0.0,0.0
Rodrigues Alves,BR,2020-04-20 04:46:15,-7.74,-72.65,66.42,71,3,1.28,clear sky,0.0,0.0
Thohoyandou,ZA,2020-04-20 04:44:39,-22.95,30.48,61.57,66,38,3.74,scattered clouds,0.0,0.0
Auray,FR,2020-04-20 04:46:17,47.67,-2.99,51.01,93,100,10.29,moderate rain,0.0,0.0
Rota,ES,2020-04-20 04:46:18,36.62,-6.36,59.0,72,78,10.29,broken clouds,0.0,0.0
Iqaluit,CA,2020-04-20 04:38:39,63.75,-68.51,-7.01,69,5,2.68,clear sky,0.0,0.0
Aasiaat,GL,2020-04-20 04:46:20,68.71,-52.87,23.65,87,100,20.42,overcast clouds,0.0,0.0
Bambous Virieux,MU,2020-04-20 04:46:21,-20.34,57.76,75.2,88,40,11.41,shower rain,0.0,0.0
Codrington,AU,2020-04-20 04:46:21,-38.27,141.97,59.16,57,39,18.9,scattered clouds,0.0,0.0
Balkhash,KZ,2020-04-20 04:46:22,46.84,74.98,66.2,24,0,13.42,clear sky,0.0,0.0
Aneho,TG,2020-04-20 04:46:23,6.23,1.6,81.12,81,74,8.08,broken clouds,0.0,0.0
Piacabucu,BR,2020-04-20 04:46:24,-10.41,-36.43,77.74,86,45,8.14,light rain,0.34,0.0
Mayumba,GA,2020-04-20 04:40:56,-3.43,10.66,78.58,85,100,5.97,light rain,2.18,0.0
Alta Floresta,BR,2020-04-20 04:43:23,-9.88,-56.09,70.88,88,85,1.5,light rain,0.29,0.0
Goderich,CA,2020-04-20 04:38:23,43.75,-81.72,35.01,66,0,8.3,clear sky,0.0,0.0
Karaton,ID,2020-04-20 04:46:26,-6.34,106.1,91.4,55,20,10.29,few clouds,0.0,0.0
Salta,AR,2020-04-20 04:46:27,-24.79,-65.41,59.0,93,0,1.3,clear sky,0.0,0.0
Tiznit,MA,2020-04-20 04:46:28,29.58,-9.5,53.62,74,77,8.05,broken clouds,0.0,0.0
Sobradinho,BR,2020-04-20 04:46:29,-12.83,-39.1,71.2,93,80,5.41,light rain,0.57,0.0
Bom Jesus,BR,2020-04-20 04:46:29,-9.07,-44.36,71.02,86,88,2.93,light rain,1.51,0.0
Taltal,CL,2020-04-20 04:46:30,-25.4,-70.48,58.37,78,0,2.39,clear sky,0.0,0.0
Kaspiysk,RU,2020-04-20 04:46:31,42.88,47.64,57.0,81,9,4.47,clear sky,0.0,0.0
Sao Filipe,CV,2020-04-20 04:37:25,14.9,-24.5,70.47,75,0,15.88,clear sky,0.0,0.0
Nara,JP,2020-04-20 04:41:54,34.69,135.8,66.2,72,75,12.75,broken clouds,0.0,0.0
Krasnoselkup,RU,2020-04-20 04:46:34,65.7,82.47,40.5,92,100,11.36,light rain,0.4,0.0
Silifke,TR,2020-04-20 04:46:34,36.38,33.93,71.82,44,48,1.25,scattered clouds,0.0,0.0
Rengo,CL,2020-04-20 04:46:27,-34.42,-70.87,57.2,62,90,4.7,overcast clouds,0.0,0.0
Rafaela,AR,2020-04-20 04:46:36,-31.25,-61.49,64.0,57,0,1.01,clear sky,0.0,0.0
Moose Factory,CA,2020-04-20 04:46:36,51.26,-80.61,6.8,77,1,6.93,clear sky,0.0,0.0
Copacabana,CO,2020-04-20 04:46:37,6.35,-75.51,59.0,100,75,2.24,mist,0.0,0.0
Hamilton,US,2020-04-20 04:38:49,39.18,-84.53,48.0,93,1,5.37,clear sky,0.0,0.0
Zhirnov,RU,2020-04-20 04:46:39,48.17,41.13,45.72,83,100,0.51,light rain,2.02,0.0
Victoria,HK,2020-04-20 04:45:53,22.29,114.16,87.01,66,13,13.0,few clouds,0.0,0.0
Olavarria,AR,2020-04-20 04:46:40,-36.89,-60.32,61.0,86,48,3.98,scattered clouds,0.0,0.0
Sabang,ID,2020-04-20 04:46:41,5.89,95.32,85.62,74,5,12.12,clear sky,0.0,0.0
Hofn,IS,2020-04-20 04:33:01,64.25,-15.21,44.64,87,93,7.81,overcast clouds,0.0,0.0
Rio Grande,BR,2020-04-20 04:39:25,-32.03,-52.1,64.99,94,0,11.92,clear sky,0.0,0.0
Kaspiyskiy,RU,2020-04-20 04:46:44,45.39,47.37,62.06,43,36,12.3,scattered clouds,0.0,0.0
Sharan,RU,2020-04-20 04:42:19,54.82,54.0,47.7,57,98,1.1,overcast clouds,0.0,0.0
Eenhana,NA,2020-04-20 04:46:46,-17.47,16.33,69.8,83,22,1.12,few clouds,0.0,0.0
Manga,BF,2020-04-20 04:46:47,11.66,-1.07,82.9,50,48,6.96,light rain,0.12,0.0
Khed,IN,2020-04-20 04:46:48,17.72,73.38,106.27,20,20,1.32,few clouds,0.0,0.0
Kyshtovka,RU,2020-04-20 04:46:49,56.55,76.63,57.02,56,59,5.06,broken clouds,0.0,0.0
Asyut,EG,2020-04-20 04:46:50,27.18,31.18,60.8,55,0,10.29,clear sky,0.0,0.0
Elizabeth City,US,2020-04-20 04:46:45,36.29,-76.25,64.4,93,90,5.82,overcast clouds,0.0,0.0
Peterhead,GB,2020-04-20 04:46:51,57.51,-1.8,41.0,80,0,1.12,clear sky,0.0,0.0
Neuquen,AR,2020-04-20 04:46:52,-38.95,-68.06,60.8,41,27,8.05,scattered clouds,0.0,0.0
Anloga,GH,2020-04-20 04:46:53,5.79,0.9,82.29,79,49,8.16,scattered clouds,0.0,0.0
Dwarka,IN,2020-04-20 04:46:54,22.24,68.97,80.87,79,8,11.3,clear sky,0.0,0.0
Tiebissou,CI,2020-04-20 04:46:55,7.16,-5.23,75.2,100,20,9.17,few clouds,0.0,0.0
Palia Kalan,IN,2020-04-20 04:46:56,28.45,80.58,98.6,13,75,5.08,broken clouds,0.0,0.0
Marsa Matruh,EG,2020-04-20 04:46:57,31.35,27.25,48.2,81,0,5.57,clear sky,0.0,0.0
Bellinzona,CH,2020-04-20 04:46:58,46.19,9.02,55.4,100,75,1.12,heavy intensity rain,0.0,0.0
Pangnirtung,CA,2020-04-20 04:46:58,66.15,-65.71,3.43,76,59,4.36,broken clouds,0.0,0.0
Bubaque,GW,2020-04-20 04:46:59,11.28,-15.83,77.09,68,34,12.24,scattered clouds,0.0,0.0
Pirgos,GR,2020-04-20 04:47:00,35.12,25.72,61.0,81,31,4.7,scattered clouds,0.0,0.0
Jalu,LY,2020-04-20 04:47:01,29.03,21.55,74.39,22,83,14.92,broken clouds,0.0,0.0
Adre,TD,2020-04-20 04:41:25,13.47,22.2,77.2,13,76,12.46,broken clouds,0.0,0.0
Ode,NG,2020-04-20 04:47:03,7.79,5.71,72.41,78,100,3.74,overcast clouds,0.0,0.0
Vardo,NO,2020-04-20 04:39:18,70.37,31.11,37.4,77,40,17.22,scattered clouds,0.0,0.0
Shakawe,BW,2020-04-20 04:38:41,-18.37,21.85,67.57,41,2,11.07,clear sky,0.0,0.0
San Matias,BO,2020-04-20 04:47:05,-16.37,-58.4,72.64,89,40,1.83,light rain,0.11,0.0
Luderitz,NA,2020-04-20 04:38:01,-26.65,15.16,59.0,87,40,3.36,scattered clouds,0.0,0.0
Birin,NP,2020-04-20 04:47:07,26.89,88.07,73.98,31,18,4.59,light rain,0.43,0.0
Metu,ET,2020-04-20 04:47:07,8.3,35.58,73.71,24,99,1.48,overcast clouds,0.0,0.0
Vuktyl,RU,2020-04-20 04:47:08,63.86,57.31,35.55,95,100,5.79,light rain,0.15,0.0
Villa Rica,US,2020-04-20 04:47:09,33.73,-84.92,54.0,100,90,0.63,heavy intensity rain,0.0,0.0
Hukuntsi,BW,2020-04-20 04:47:09,-24.0,21.75,67.1,33,10,12.1,clear sky,0.0,0.0
Giyani,ZA,2020-04-20 04:47:10,-23.3,30.72,65.52,67,28,4.21,scattered clouds,0.0,0.0
Mahajanga,MG,2020-04-20 04:47:12,-15.72,46.32,78.8,69,75,8.05,broken clouds,0.0,0.0
Autazes,BR,2020-04-20 04:47:12,-3.58,-59.13,72.79,97,100,0.67,light rain,0.87,0.0
Hobyo,SO,2020-04-20 04:43:26,5.35,48.53,87.04,64,97,7.43,light rain,0.44,0.0
Trairi,BR,2020-04-20 04:47:13,-3.28,-39.27,78.12,83,6,2.06,clear sky,0.0,0.0
Iberia,US,2020-04-20 04:47:14,29.95,-91.75,75.2,100,40,11.41,scattered clouds,0.0,0.0
El Retorno,CO,2020-04-20 04:48:31,2.33,-72.63,70.81,85,39,1.72,scattered clouds,0.0,0.0
Walvis Bay,NA,2020-04-20 04:48:31,-22.96,14.51,59.0,87,77,13.87,broken clouds,0.0,0.0
Teeli,RU,2020-04-20 04:48:32,51.03,90.23,53.78,26,0,3.49,clear sky,0.0,0.0
La Raya De Santa Maria,PA,2020-04-20 04:48:33,8.17,-80.82,77.45,77,34,3.29,scattered clouds,0.0,0.0
Calama,CL,2020-04-20 04:48:04,-22.47,-68.93,48.2,29,0,14.99,clear sky,0.0,0.0
Mazagao,BR,2020-04-20 04:48:35,-0.12,-51.29,78.8,100,90,5.82,light rain,0.0,0.0
Tabou,CI,2020-04-20 04:48:36,4.42,-7.35,79.14,87,100,4.03,light rain,0.14,0.0
Geilo,NO,2020-04-20 04:48:36,60.53,8.21,28.99,83,0,1.9,clear sky,0.0,0.0
Asfi,MA,2020-04-20 04:48:37,32.3,-9.24,58.6,77,24,2.44,few clouds,0.0,0.0
Le Passage,FR,2020-04-20 04:48:38,44.2,0.6,57.2,87,90,3.36,overcast clouds,0.0,0.0
Cozumel,MX,2020-04-20 04:44:01,20.51,-86.95,81.0,90,24,3.0,few clouds,0.0,0.0
Sao Joao Da Barra,BR,2020-04-20 04:48:40,-21.64,-41.05,68.49,84,97,8.3,overcast clouds,0.0,0.0
Bilma,NE,2020-04-20 04:42:17,18.69,12.92,83.98,13,90,6.82,overcast clouds,0.0,0.0
Marzuq,YE,2020-04-20 04:48:41,14.4,46.47,76.48,41,81,2.19,light rain,0.13,0.0
Cap-Aux-Meules,CA,2020-04-20 04:48:42,47.38,-61.86,31.46,94,0,4.43,clear sky,0.0,0.0
Tsabong,BW,2020-04-20 04:48:43,-26.02,22.4,72.14,28,27,14.2,scattered clouds,0.0,0.0
Lukovetskiy,RU,2020-04-20 04:48:44,64.3,41.92,32.0,86,90,4.47,light shower snow,0.0,0.0
Leshukonskoye,RU,2020-04-20 04:48:44,64.9,45.76,34.7,91,97,4.47,light snow,0.0,0.12
Shorapur,IN,2020-04-20 04:48:45,16.52,76.75,97.92,18,0,7.36,clear sky,0.0,0.0
Sao Felix Do Xingu,BR,2020-04-20 04:48:46,-6.64,-51.99,70.97,91,97,0.67,moderate rain,4.73,0.0
Havoysund,NO,2020-04-20 04:48:46,71.0,24.66,39.2,73,75,23.04,shower rain,0.0,0.0
Hanko,FI,2020-04-20 04:48:47,59.83,22.95,43.0,70,30,1.01,scattered clouds,0.0,0.0
Mana,GF,2020-04-20 04:48:48,5.66,-53.78,76.69,90,100,9.55,moderate rain,3.62,0.0
Irbil,IQ,2020-04-20 04:47:31,36.19,44.01,59.0,82,41,4.7,scattered clouds,0.0,0.0
Garmsar,IR,2020-04-20 04:48:50,35.22,52.34,72.07,26,0,4.25,clear sky,0.0,0.0
Mwense,ZM,2020-04-20 04:48:51,-10.38,28.7,66.94,63,80,5.53,broken clouds,0.0,0.0
Aripuana,BR,2020-04-20 04:48:52,-9.17,-60.63,73.15,92,84,1.07,broken clouds,0.0,0.0
Lavumisa,SZ,2020-04-20 04:48:53,-27.31,31.89,68.0,71,0,2.66,clear sky,0.0,0.0
Englewood,US,2020-04-20 04:45:28,39.65,-104.99,51.01,36,75,8.05,broken clouds,0.0,0.0
Castro,BR,2020-04-20 04:48:55,-24.79,-50.01,55.0,69,66,5.17,broken clouds,0.0,0.0
The Valley,AI,2020-04-20 04:46:12,18.22,-63.06,80.6,78,40,8.05,scattered clouds,0.0,0.0
Moyale,KE,2020-04-20 04:48:57,3.52,39.06,66.36,69,100,4.92,light rain,0.3,0.0
Ormara,PK,2020-04-20 04:48:57,25.21,64.64,85.62,53,18,10.02,few clouds,0.0,0.0
Williamsburg,US,2020-04-20 04:48:58,37.27,-76.71,57.2,93,1,3.22,clear sky,0.0,0.0
Madimba,TZ,2020-04-20 04:48:59,-10.4,40.33,75.2,94,20,14.99,few clouds,0.0,0.0
Ancud,CL,2020-04-20 04:49:00,-41.87,-73.82,42.8,100,58,3.36,broken clouds,0.0,0.0
Sisimiut,GL,2020-04-20 04:49:01,66.94,-53.67,25.23,87,95,17.58,overcast clouds,0.0,0.0
Coihaique,CL,2020-04-20 04:49:02,-45.58,-72.07,37.4,93,40,2.24,scattered clouds,0.0,0.0
Gornopravdinsk,RU,2020-04-20 04:49:03,60.05,69.9,52.18,45,0,8.57,clear sky,0.0,0.0
Tarrafal,CV,2020-04-20 04:42:25,15.28,-23.77,69.8,68,20,11.41,few clouds,0.0,0.0
Dmytrivka,UA,2020-04-20 04:49:06,45.97,28.99,51.22,53,57,14.54,broken clouds,0.0,0.0
Namibe,AO,2020-04-20 04:49:07,-15.2,12.15,74.79,76,81,4.52,light rain,1.73,0.0
Finnsnes,NO,2020-04-20 04:49:08,69.23,17.98,41.0,75,93,38.03,light rain,0.17,0.0
Fayetteville,US,2020-04-20 04:46:31,35.05,-78.88,62.6,67,90,3.89,overcast clouds,0.0,0.0
Matay,EG,2020-04-20 04:49:09,28.42,30.78,67.78,46,0,14.61,clear sky,0.0,0.0
Cabedelo,BR,2020-04-20 04:49:10,-6.98,-34.83,77.0,94,20,3.36,few clouds,0.0,0.0
Vila Velha,BR,2020-04-20 04:39:13,-20.33,-40.29,73.0,88,41,4.7,scattered clouds,0.0,0.0
Tire,TR,2020-04-20 04:49:12,38.09,27.74,51.8,87,46,3.36,scattered clouds,0.0,0.0
Port-Gentil,GA,2020-04-20 04:45:50,-0.72,8.78,80.35,82,100,3.56,light rain,2.65,0.0
Awjilah,LY,2020-04-20 04:49:13,29.11,21.29,74.32,22,91,15.28,overcast clouds,0.0,0.0
Port Blair,IN,2020-04-20 04:49:14,11.67,92.75,85.21,74,28,8.08,light rain,1.03,0.0
Bonito,BR,2020-04-20 04:49:15,-21.12,-56.48,64.83,77,0,0.81,clear sky,0.0,0.0
Aksu,CN,2020-04-20 04:49:16,41.12,80.26,63.37,31,71,4.63,broken clouds,0.0,0.0
Pankrushikha,RU,2020-04-20 04:49:17,53.83,80.34,65.23,34,23,2.68,few clouds,0.0,0.0
Belogorsk,RU,2020-04-20 04:49:18,50.92,128.46,28.06,97,100,17.0,snow,0.0,3.46
Bad Wurzach,DE,2020-04-20 04:49:18,47.9,9.9,50.0,52,97,13.73,overcast clouds,0.0,0.0
Chakulia,IN,2020-04-20 04:49:19,22.48,86.72,93.2,46,5,4.7,haze,0.0,0.0
Terrace Bay,CA,2020-04-20 04:49:20,48.78,-87.1,30.04,89,76,18.72,broken clouds,0.0,0.0
Saint Austell,GB,2020-04-20 04:49:21,50.34,-4.77,53.01,70,100,5.82,overcast clouds,0.0,0.0
Estelle,US,2020-04-20 04:49:22,29.85,-90.11,77.0,100,90,11.41,thunderstorm with light rain,0.0,0.0
Inhambane,MZ,2020-04-20 04:49:23,-23.86,35.38,71.6,94,75,5.82,drizzle rain,0.0,0.0
Carnarvon,AU,2020-04-20 04:49:23,-24.87,113.63,78.8,61,30,19.46,scattered clouds,0.0,0.0
Nova Serrana,BR,2020-04-20 04:49:25,-19.88,-44.98,60.55,76,93,4.97,overcast clouds,0.0,0.0
Agadez,NE,2020-04-20 04:49:26,19.75,10.25,82.35,12,44,8.84,scattered clouds,0.0,0.0
Araguaina,BR,2020-04-20 04:49:26,-7.19,-48.21,73.13,84,89,0.49,light rain,1.02,0.0
Pedasi,PA,2020-04-20 04:49:27,7.53,-80.03,79.23,79,35,5.17,scattered clouds,0.0,0.0
Mabaruma,GY,2020-04-20 04:49:28,8.2,-59.78,75.15,89,74,5.1,broken clouds,0.0,0.0
Rebrikha,RU,2020-04-20 04:49:28,53.07,82.34,64.94,29,5,2.82,clear sky,0.0,0.0
Fossombrone,IT,2020-04-20 04:49:29,43.69,12.81,59.0,87,75,5.82,light rain,0.0,0.0
Kozan,TR,2020-04-20 04:49:30,37.46,35.82,61.0,100,90,1.77,overcast clouds,0.0,0.0
Nizwa,OM,2020-04-20 04:49:31,22.93,57.53,88.45,18,24,7.34,few clouds,0.0,0.0
Touros,BR,2020-04-20 04:49:32,-5.2,-35.46,75.2,100,40,2.24,scattered clouds,0.0,0.0
Portel,BR,2020-04-20 04:49:33,-1.94,-50.82,72.72,98,100,2.28,moderate rain,6.51,0.0
Cordoba,AR,2020-04-20 04:45:27,-31.41,-64.18,69.01,76,0,8.05,clear sky,0.0,0.0
Guarapari,BR,2020-04-20 04:47:25,-20.67,-40.5,73.0,88,78,4.7,light rain,0.19,0.0
Dingle,PH,2020-04-20 04:41:54,11.0,122.67,90.52,57,86,14.45,light rain,0.11,0.0
Karpogory,RU,2020-04-20 04:49:35,64.0,44.45,34.74,86,94,3.51,overcast clouds,0.0,0.0
Neftcala,AZ,2020-04-20 04:49:36,39.37,49.25,61.0,72,18,8.9,few clouds,0.0,0.0
Lesnoy,RU,2020-04-20 04:49:37,57.62,63.08,50.58,45,44,4.76,scattered clouds,0.0,0.0
Sembe,CG,2020-04-20 04:49:38,1.65,14.58,72.79,82,78,2.01,broken clouds,0.0,0.0
Faya,SA,2020-04-20 04:49:39,18.39,42.45,66.2,59,99,6.24,light rain,0.78,0.0
Lasa,IT,2020-04-20 04:49:39,46.62,10.7,46.4,100,75,3.8,light rain,0.0,0.0
Grindavik,IS,2020-04-20 04:49:40,63.84,-22.43,46.4,100,90,26.4,light rain,0.0,0.0
Pailon,BO,2020-04-20 04:49:41,-17.65,-62.75,68.0,82,1,4.7,clear sky,0.0,0.0
Mumford,GH,2020-04-20 04:49:42,5.26,-0.76,80.26,82,99,6.6,overcast clouds,0.0,0.0
Comodoro Rivadavia,AR,2020-04-20 04:48:24,-45.87,-67.5,50.0,57,0,18.34,clear sky,0.0,0.0
Pangody,RU,2020-04-20 04:49:44,65.85,74.49,33.96,97,75,11.65,broken clouds,0.0,0.0
Vestmanna,FO,2020-04-20 04:49:45,62.16,-7.17,41.0,100,2,18.34,clear sky,0.0,0.0
Santa Cruz,BO,2020-04-20 04:49:46,-17.8,-63.17,68.0,82,1,4.7,clear sky,0.0,0.0
Iranshahr,IR,2020-04-20 04:49:47,27.2,60.68,80.6,42,72,6.58,broken clouds,0.0,0.0
Straumen,NO,2020-04-20 04:41:10,63.87,11.3,41.0,80,75,2.24,broken clouds,0.0,0.0
Tupelo,US,2020-04-20 04:48:43,34.26,-88.7,60.8,87,90,3.36,overcast clouds,0.0,0.0
Rocha,UY,2020-04-20 04:45:26,-34.48,-54.33,58.48,91,0,5.84,clear sky,0.0,0.0
Raja Sansi,IN,2020-04-20 04:49:50,31.72,74.8,75.2,64,75,5.61,haze,0.0,0.0
Lagos,NG,2020-04-20 04:49:51,6.58,3.75,78.8,94,20,2.24,few clouds,0.0,0.0
Zabkowice Slaskie,PL,2020-04-20 04:49:52,50.59,16.81,39.99,61,0,4.97,clear sky,0.0,0.0
Salinopolis,BR,2020-04-20 04:49:53,-0.61,-47.36,80.58,82,49,7.09,light rain,1.71,0.0
Ormond Beach,US,2020-04-20 04:49:53,29.29,-81.06,80.01,74,75,10.29,broken clouds,0.0,0.0
Ust-Tsilma,RU,2020-04-20 04:49:54,65.44,52.15,36.1,91,39,3.44,scattered clouds,0.0,0.0
Parsabad,IR,2020-04-20 04:49:55,39.65,47.92,57.2,87,20,9.17,few clouds,0.0,0.0
Thinadhoo,MV,2020-04-20 04:49:56,0.53,72.93,85.41,71,54,9.06,broken clouds,0.0,0.0
Bahia Blanca,AR,2020-04-20 04:48:20,-38.72,-62.27,61.57,45,100,5.88,overcast clouds,0.0,0.0
Presidencia Roque Saenz Pena,AR,2020-04-20 04:49:58,-26.79,-60.44,61.39,69,0,3.91,clear sky,0.0,0.0
Baherden,TM,2020-04-20 04:49:59,38.44,57.43,78.89,24,0,6.35,clear sky,0.0,0.0
Bonavista,CA,2020-04-20 04:50:00,48.65,-53.11,33.28,96,100,27.78,moderate rain,4.49,0.0
Mayor Pablo Lagerenza,PY,2020-04-20 04:50:00,-19.93,-60.77,68.74,69,0,1.99,clear sky,0.0,0.0
Nikki,BJ,2020-04-20 04:50:01,9.94,3.21,75.7,72,87,8.19,overcast clouds,0.0,0.0
Aracaju,BR,2020-04-20 04:50:02,-10.91,-37.07,78.35,83,48,8.88,light rain,0.45,0.0
Canutama,BR,2020-04-20 04:50:03,-6.53,-64.38,72.46,97,96,1.14,moderate rain,3.01,0.0
Parakou,BJ,2020-04-20 04:50:03,9.34,2.63,74.84,76,95,5.59,overcast clouds,0.0,0.0
Maceio,BR,2020-04-20 04:41:58,-9.67,-35.74,78.53,83,70,8.46,light rain,2.26,0.0
Florence,IT,2020-04-20 04:50:05,43.77,11.25,59.0,100,40,2.24,moderate rain,0.0,0.0
Abyek,IR,2020-04-20 04:50:06,36.07,50.55,60.8,62,1,4.7,haze,0.0,0.0
Salisbury,GB,2020-04-20 04:45:28,51.07,-1.8,42.8,81,14,12.75,few clouds,0.0,0.0
Ugoofaaru,MV,2020-04-20 04:50:07,5.67,73.0,86.47,71,50,9.53,light rain,0.56,0.0
San Rafael Del Sur,NI,2020-04-20 04:50:08,11.85,-86.44,82.4,58,20,9.17,few clouds,0.0,0.0
Ladario,BR,2020-04-20 04:50:09,-19.0,-57.6,71.53,85,1,1.43,clear sky,0.0,0.0
Baie-Saint-Paul,CA,2020-04-20 04:50:10,47.44,-70.5,28.85,93,100,7.16,snow,0.0,1.63
Henties Bay,NA,2020-04-20 04:50:10,-22.12,14.28,59.0,95,33,4.0,light rain,0.35,0.0
Iki-Burul,RU,2020-04-20 04:50:11,45.82,44.65,50.0,61,89,17.9,overcast clouds,0.0,0.0
Kalmunai,LK,2020-04-20 04:50:11,7.42,81.82,88.21,64,28,10.33,light rain,0.75,0.0
Leh,IN,2020-04-20 04:50:12,34.17,77.58,37.53,16,87,1.14,overcast clouds,0.0,0.0
Pisco,PE,2020-04-20 04:50:13,-13.7,-76.22,68.0,82,0,3.36,clear sky,0.0,0.0
Yarmouth,US,2020-04-20 04:50:14,41.71,-70.23,50.0,66,20,14.99,few clouds,0.0,0.0
Bandundu,CD,2020-04-20 04:50:15,-3.32,17.37,73.0,82,93,0.54,overcast clouds,0.0,0.0
Villa Maria,AR,2020-04-20 04:50:16,-32.41,-63.24,59.0,82,0,1.99,clear sky,0.0,0.0
Yarovoye,RU,2020-04-20 04:50:17,52.93,78.58,72.14,24,35,6.17,scattered clouds,0.0,0.0
Sapouy,BF,2020-04-20 04:50:17,11.55,-1.77,81.36,53,90,5.23,light rain,0.17,0.0
Wajir,KE,2020-04-20 04:50:18,1.75,40.06,79.52,67,100,12.8,overcast clouds,0.0,0.0
Safaga,EG,2020-04-20 04:50:19,26.73,33.94,69.8,43,0,10.29,clear sky,0.0,0.0
Ampanihy,MG,2020-04-20 04:50:20,-24.7,44.75,77.4,54,0,14.45,clear sky,0.0,0.0
Rorvik,NO,2020-04-20 04:50:21,64.86,11.24,41.0,93,75,5.35,broken clouds,0.0,0.0
A Coruna,ES,2020-04-20 04:50:21,43.37,-8.4,50.0,100,90,4.7,fog,0.0,0.0
Eganville,CA,2020-04-20 04:50:22,45.53,-77.1,28.4,86,1,6.93,clear sky,0.0,0.0
Ginda,IN,2020-04-20 04:50:23,30.69,78.49,66.56,17,47,7.52,scattered clouds,0.0,0.0
Onega,RU,2020-04-20 04:41:26,63.91,38.14,34.32,88,80,5.46,broken clouds,0.0,0.0
Kurchum,KZ,2020-04-20 04:50:25,48.57,83.65,58.39,31,0,5.68,clear sky,0.0,0.0
Bikaner,IN,2020-04-20 04:50:26,28.02,73.3,93.16,19,80,5.68,broken clouds,0.0,0.0
Havelock,US,2020-04-20 04:50:27,34.88,-76.9,66.0,82,90,4.7,overcast clouds,0.0,0.0
Bata,GQ,2020-04-20 04:50:28,1.86,9.77,77.0,100,40,3.36,thunderstorm,0.0,0.0
Dutlwe,BW,2020-04-20 04:50:29,-23.98,23.9,65.44,39,11,9.98,few clouds,0.0,0.0
Valparaiso,CL,2020-04-20 04:47:57,-33.04,-71.63,59.0,82,0,4.7,clear sky,0.0,0.0
Chhindwara,IN,2020-04-20 04:50:30,22.07,78.93,97.66,12,71,11.32,broken clouds,0.0,0.0
Amapa,BR,2020-04-20 04:50:31,1.0,-52.0,71.64,94,100,1.63,light rain,0.81,0.0
Huarmey,PE,2020-04-20 04:42:50,-10.07,-78.15,71.37,76,4,5.68,clear sky,0.0,0.0
Riyadh,SA,2020-04-20 04:49:23,24.69,46.72,73.4,53,100,4.7,light rain,1.72,0.0
Kushmurun,KZ,2020-04-20 04:50:33,52.45,64.63,54.23,70,100,12.28,light rain,0.61,0.0
Dhidhdhoo,MV,2020-04-20 04:42:09,6.88,73.1,87.28,66,61,7.49,broken clouds,0.0,0.0
Naberera,TZ,2020-04-20 04:50:34,-4.2,36.93,62.89,63,100,1.41,light rain,0.37,0.0
Gabu,GW,2020-04-20 04:50:35,12.28,-14.22,72.28,68,48,3.6,scattered clouds,0.0,0.0
Rio De Janeiro,BR,2020-04-20 04:50:36,-22.9,-43.21,69.8,83,20,3.36,few clouds,0.0,0.0
Zelenets,RU,2020-04-20 04:50:37,61.88,50.75,35.6,87,75,4.47,broken clouds,0.0,0.0
Beni,CD,2020-04-20 04:50:37,0.5,29.47,67.21,69,93,0.87,overcast clouds,0.0,0.0
Pau Dos Ferros,BR,2020-04-20 04:50:38,-6.11,-38.21,73.09,88,97,3.91,moderate rain,5.32,0.0
Thompson,CA,2020-04-20 04:48:26,55.74,-97.86,15.8,92,75,4.7,light snow,0.0,0.0
Sukhinichi,RU,2020-04-20 04:50:40,54.1,35.34,38.68,70,15,8.95,few clouds,0.0,0.0
Ipixuna,BR,2020-04-20 04:50:41,-1.76,-48.8,75.2,94,75,4.7,broken clouds,0.0,0.0
Clacton-On-Sea,GB,2020-04-20 04:50:42,51.79,1.16,48.0,77,0,5.99,clear sky,0.0,0.0
Misratah,LY,2020-04-20 04:50:43,32.38,15.09,69.19,47,97,19.42,overcast clouds,0.0,0.0
Bousso,TD,2020-04-20 04:50:43,10.48,16.71,87.73,14,92,3.22,overcast clouds,0.0,0.0
Miami Beach,US,2020-04-20 04:50:33,25.79,-80.13,82.0,78,1,6.93,clear sky,0.0,0.0
Ourinhos,BR,2020-04-20 04:50:45,-22.98,-49.87,59.16,82,0,6.29,clear sky,0.0,0.0
Santa Rosa,PH,2020-04-20 04:50:46,14.31,121.11,95.0,53,20,9.17,few clouds,0.0,0.0
Dannenberg,DE,2020-04-20 04:50:47,53.1,11.09,39.0,61,0,1.01,clear sky,0.0,0.0
Arona,ES,2020-04-20 04:50:48,28.1,-16.68,66.2,63,75,3.36,broken clouds,0.0,0.0
Puerto Padre,CU,2020-04-20 04:50:49,21.2,-76.6,78.8,78,40,3.36,scattered clouds,0.0,0.0
Koutiala,ML,2020-04-20 04:50:50,12.39,-5.46,84.04,45,99,11.99,overcast clouds,0.0,0.0
Narsaq,GL,2020-04-20 04:50:51,60.92,-46.05,23.0,49,1,7.67,clear sky,0.0,0.0
Chongwe,ZM,2020-04-20 04:50:51,-15.33,28.68,64.02,54,70,7.56,light rain,0.15,0.0
Boone,US,2020-04-20 04:50:52,39.03,-92.33,52.0,62,3,6.44,clear sky,0.0,0.0
Parabel,RU,2020-04-20 04:50:53,58.7,81.48,58.51,56,85,4.14,overcast clouds,0.0,0.0
Zajas,MK,2020-04-20 04:50:54,41.61,20.94,50.0,87,40,2.24,scattered clouds,0.0,0.0
Hasanabad,IR,2020-04-20 04:50:55,36.55,61.05,66.2,63,0,4.7,clear sky,0.0,0.0
Guaratinga,BR,2020-04-20 04:50:56,-16.57,-39.57,71.6,88,28,6.93,scattered clouds,0.0,0.0
Abu Zabad,SD,2020-04-20 04:50:56,12.35,29.25,82.98,12,95,12.08,overcast clouds,0.0,0.0
Vangaindrano,MG,2020-04-20 04:50:57,-23.35,47.6,75.15,86,29,8.32,moderate rain,4.26,0.0
Tahta,EG,2020-04-20 04:50:58,26.77,31.5,66.2,45,0,6.93,clear sky,0.0,0.0
Ongandjera,NA,2020-04-20 04:50:59,-17.88,15.07,71.37,50,96,6.44,overcast clouds,0.0,0.0
Kalengwa,ZM,2020-04-20 04:50:59,-13.47,25.0,64.11,59,2,6.62,clear sky,0.0,0.0
Quelimane,MZ,2020-04-20 04:46:45,-17.88,36.89,73.4,83,75,6.93,broken clouds,0.0,0.0
Koslan,RU,2020-04-20 04:51:01,63.46,48.9,36.59,78,100,5.39,overcast clouds,0.0,0.0
Ous,RU,2020-04-20 04:51:02,60.91,61.52,46.08,54,0,5.99,clear sky,0.0,0.0
Usinsk,RU,2020-04-20 04:51:03,65.99,57.53,34.45,97,97,10.27,overcast clouds,0.0,0.0
Diplo,PK,2020-04-20 04:51:04,24.47,69.58,95.86,28,93,13.6,overcast clouds,0.0,0.0
Kontagora,NG,2020-04-20 04:51:05,10.4,5.47,78.93,66,100,6.51,overcast clouds,0.0,0.0
Sao Jose Da Coroa Grande,BR,2020-04-20 04:51:06,-8.9,-35.15,79.07,81,47,7.45,moderate rain,3.9,0.0
Houma,US,2020-04-20 04:50:14,29.6,-90.72,78.01,94,90,18.34,overcast clouds,0.0,0.0
Meulaboh,ID,2020-04-20 04:51:07,4.14,96.13,88.2,62,9,4.36,light rain,0.21,0.0
Keti Bandar,PK,2020-04-20 04:51:07,24.14,67.45,86.36,59,5,18.97,clear sky,0.0,0.0
Richards Bay,ZA,2020-04-20 04:42:24,-28.78,32.04,70.02,72,1,10.18,clear sky,0.0,0.0
Aleksandrov Gay,RU,2020-04-20 04:51:09,50.15,48.57,52.05,45,54,3.78,broken clouds,0.0,0.0
Sept-Iles,CA,2020-04-20 04:49:45,50.2,-66.38,30.99,86,90,9.17,overcast clouds,0.0,0.0
Patos De Minas,BR,2020-04-20 04:51:03,-18.58,-46.52,64.0,100,95,3.02,overcast clouds,0.0,0.0
General Roca,AR,2020-04-20 04:51:12,-39.03,-67.58,60.8,41,63,8.05,broken clouds,0.0,0.0
Caceres,ES,2020-04-20 04:51:13,39.52,-6.37,46.99,91,97,1.99,overcast clouds,0.0,0.0
Lucani,RS,2020-04-20 04:51:14,43.86,20.14,51.8,87,100,8.05,light rain,0.26,0.0
Taveta,KE,2020-04-20 04:51:14,-3.4,37.67,66.2,100,75,5.12,broken clouds,0.0,0.0
Tessalit,ML,2020-04-20 04:51:15,20.2,1.01,75.52,38,14,9.28,few clouds,0.0,0.0
Lubango,AO,2020-04-20 04:51:16,-14.92,13.49,60.31,56,100,9.04,light rain,0.27,0.0
Ayagoz,KZ,2020-04-20 04:51:16,47.97,80.44,65.19,21,0,12.95,clear sky,0.0,0.0
Contamana,PE,2020-04-20 04:51:17,-7.33,-75.02,69.03,73,1,0.67,clear sky,0.0,0.0
Elliot Lake,CA,2020-04-20 04:51:18,46.38,-82.63,28.4,54,1,13.87,clear sky,0.0,0.0
Hearst,CA,2020-04-20 04:51:19,49.68,-83.67,16.84,95,64,7.54,broken clouds,0.0,0.0
Villarrica,PY,2020-04-20 04:51:20,-25.75,-56.43,61.36,79,0,2.42,clear sky,0.0,0.0
Karakol,KG,2020-04-20 04:50:24,42.49,78.39,57.56,17,22,4.68,few clouds,0.0,0.0
Maturin,VE,2020-04-20 04:47:53,9.75,-63.18,71.89,88,19,3.24,few clouds,0.0,0.0
Caravelas,BR,2020-04-20 04:51:22,-17.71,-39.25,74.23,80,37,11.07,scattered clouds,0.0,0.0
Klaksvik,FO,2020-04-20 04:41:29,62.23,-6.59,42.8,93,0,14.99,clear sky,0.0,0.0
Qasigiannguit,GL,2020-04-20 04:51:24,68.82,-51.19,24.8,58,86,29.97,light shower snow,0.0,0.0
Eregli,TR,2020-04-20 04:51:25,37.51,34.05,63.84,31,34,1.79,scattered clouds,0.0,0.0
Mozarlandia,BR,2020-04-20 04:51:26,-14.74,-50.57,72.57,83,53,4.05,light rain,0.96,0.0
Rio Gallegos,AR,2020-04-20 04:51:26,-51.62,-69.22,42.8,74,65,24.16,broken clouds,0.0,0.0
Mogadishu,SO,2020-04-20 04:47:57,2.04,45.34,84.42,69,100,12.17,light rain,1.82,0.0
Berlevag,NO,2020-04-20 04:52:43,70.86,29.09,39.2,76,40,20.8,scattered clouds,0.0,0.0
Olinda,BR,2020-04-20 04:52:44,-8.01,-34.86,78.8,88,75,3.36,broken clouds,0.0,0.0
San Carlos De Bariloche,AR,2020-04-20 04:43:25,-41.15,-71.31,46.4,81,75,14.99,broken clouds,0.0,0.0
Andenes,NO,2020-04-20 04:52:45,69.31,16.12,42.01,86,40,17.22,scattered clouds,0.0,0.0
Sambava,MG,2020-04-20 04:52:46,-14.27,50.17,81.39,68,100,6.98,light rain,0.53,0.0
Ylivieska,FI,2020-04-20 04:52:47,64.08,24.55,37.99,83,100,7.0,overcast clouds,0.0,0.0
Meridian,US,2020-04-20 04:50:07,43.61,-116.39,54.0,44,1,0.4,clear sky,0.0,0.0
Namalenga,TZ,2020-04-20 04:52:48,-10.95,39.1,72.66,83,29,5.95,scattered clouds,0.0,0.0
Marathon,US,2020-04-20 04:52:49,44.9,-89.77,35.6,51,1,5.03,clear sky,0.0,0.0
Kollam,IN,2020-04-20 04:52:50,8.88,76.6,89.6,66,20,5.82,haze,0.0,0.0
Murgab,TM,2020-04-20 04:52:51,37.5,61.97,68.0,40,0,4.7,clear sky,0.0,0.0
Vitre,FR,2020-04-20 04:52:52,48.12,-1.21,53.6,87,99,6.93,light rain,0.52,0.0
Machilipatnam,IN,2020-04-20 04:52:53,16.17,81.13,87.8,74,40,3.36,scattered clouds,0.0,0.0
General Pico,AR,2020-04-20 04:48:05,-35.66,-63.76,60.91,71,1,3.56,clear sky,0.0,0.0
Ratnagiri,IN,2020-04-20 04:52:54,16.98,73.3,103.32,32,56,4.5,broken clouds,0.0,0.0
Amalapuram,IN,2020-04-20 04:52:55,16.58,82.02,87.8,66,40,9.17,scattered clouds,0.0,0.0
Bridlington,GB,2020-04-20 04:52:56,54.08,-0.19,42.8,87,0,9.17,clear sky,0.0,0.0
Araouane,ML,2020-04-20 04:52:57,18.9,-3.53,74.46,20,0,11.65,clear sky,0.0,0.0
Mitu,CO,2020-04-20 04:52:58,1.2,-70.17,70.59,92,65,1.43,broken clouds,0.0,0.0
Saint-Francois,FR,2020-04-20 04:52:58,46.42,3.91,54.0,87,90,0.83,overcast clouds,0.0,0.0
Itaituba,BR,2020-04-20 04:53:00,-4.28,-55.98,71.42,96,99,0.78,overcast clouds,0.0,0.0
Portsmouth,GB,2020-04-20 04:53:00,50.8,-1.09,46.99,77,16,8.99,few clouds,0.0,0.0
Paracuru,BR,2020-04-20 04:53:01,-3.41,-39.03,79.0,88,20,6.93,few clouds,0.0,0.0
Adrar,MR,2020-04-20 04:53:02,20.5,-10.07,69.93,21,0,9.15,clear sky,0.0,0.0
Ereymentau,KZ,2020-04-20 04:53:03,51.62,73.1,68.52,30,98,8.97,overcast clouds,0.0,0.0
Onguday,RU,2020-04-20 04:53:04,50.75,86.15,59.56,34,13,2.71,few clouds,0.0,0.0
Capitao Poco,BR,2020-04-20 04:53:05,-1.75,-47.06,72.93,95,53,2.13,broken clouds,0.0,0.0
Carbondale,US,2020-04-20 04:51:03,37.73,-89.22,50.0,87,1,5.55,clear sky,0.0,0.0
Mango,US,2020-04-20 04:53:06,27.98,-82.31,79.0,88,1,8.05,clear sky,0.0,0.0
Kondinskoye,RU,2020-04-20 04:53:07,59.65,67.41,52.0,45,14,10.76,few clouds,0.0,0.0
Passo De Camaragibe,BR,2020-04-20 04:53:08,-9.24,-35.49,77.49,86,75,5.99,moderate rain,3.38,0.0
Korla,CN,2020-04-20 04:52:37,41.76,86.15,66.18,20,91,3.44,light rain,0.2,0.0
Kavaratti,IN,2020-04-20 04:53:09,10.57,72.64,87.8,66,20,4.7,few clouds,0.0,0.0
Lipany,SK,2020-04-20 04:53:10,49.15,20.96,28.99,47,3,7.61,clear sky,0.0,0.0
Umm Lajj,SA,2020-04-20 04:53:11,25.02,37.27,79.92,36,0,4.0,clear sky,0.0,0.0
Olenegorsk,RU,2020-04-20 04:53:12,68.15,33.3,35.2,92,100,6.15,light rain,1.16,0.0
Micheweni,TZ,2020-04-20 04:53:12,-4.97,39.83,81.3,77,99,16.11,light rain,0.28,0.0
Orlovskiy,RU,2020-04-20 04:53:13,46.87,42.06,51.51,83,100,8.12,light rain,1.14,0.0
Kenitra,MA,2020-04-20 04:53:13,34.26,-6.58,57.0,100,75,6.93,broken clouds,0.0,0.0
Rovaniemi,FI,2020-04-20 04:53:14,66.5,25.72,37.4,93,40,11.41,scattered clouds,0.0,0.0
Prieska,ZA,2020-04-20 04:53:15,-29.66,22.75,74.26,28,47,8.3,scattered clouds,0.0,0.0
Marsh Harbour,BS,2020-04-20 04:53:16,26.54,-77.06,78.57,82,77,14.85,broken clouds,0.0,0.0
Bere,TD,2020-04-20 04:53:17,9.32,16.16,86.43,38,94,2.57,light rain,0.62,0.0
Tromso,NO,2020-04-20 04:53:17,69.65,18.96,41.0,80,20,25.28,few clouds,0.0,0.0
Brae,GB,2020-04-20 04:53:18,60.4,-1.35,42.8,87,0,11.41,clear sky,0.0,0.0
Tarko-Sale,RU,2020-04-20 04:53:19,64.92,77.78,43.0,79,72,13.62,moderate rain,0.0,0.0
Borba,BR,2020-04-20 04:53:20,-4.39,-59.59,73.11,97,100,1.86,light rain,0.28,0.0
Barao De Melgaco,BR,2020-04-20 04:53:20,-16.19,-55.97,75.2,83,59,1.34,broken clouds,0.0,0.0
Bodden Town,KY,2020-04-20 04:53:21,19.28,-81.25,82.99,69,27,7.0,scattered clouds,0.0,0.0
Kangaatsiaq,GL,2020-04-20 04:53:22,68.31,-53.46,28.71,88,100,15.77,overcast clouds,0.0,0.0
Ribnitz-Damgarten,DE,2020-04-20 04:53:23,54.25,12.47,37.4,69,20,3.36,few clouds,0.0,0.0
Pesaro,IT,2020-04-20 04:53:24,43.9,12.89,59.0,91,100,1.99,light rain,1.38,0.0
Comarapa,BO,2020-04-20 04:53:24,-17.9,-64.48,50.74,51,0,1.07,clear sky,0.0,0.0
Danilov,RU,2020-04-20 04:53:25,58.19,40.17,32.0,64,75,4.79,mist,0.0,0.0
Sorland,NO,2020-04-20 04:49:30,67.67,12.69,42.8,93,75,12.75,broken clouds,0.0,0.0
Havre-Saint-Pierre,CA,2020-04-20 04:53:27,50.23,-63.6,28.4,79,90,4.7,overcast clouds,0.0,0.0
Honningsvag,NO,2020-04-20 04:53:28,70.98,25.97,39.2,74,75,23.04,shower rain,0.0,0.0
Gazanjyk,TM,2020-04-20 04:53:29,39.24,55.52,76.19,34,0,9.71,clear sky,0.0,0.0
Chabahar,IR,2020-04-20 04:53:29,25.29,60.64,86.7,48,8,6.08,clear sky,0.0,0.0
Werda,BW,2020-04-20 04:53:30,-25.27,23.28,68.94,33,1,9.62,clear sky,0.0,0.0
Kalavai,IN,2020-04-20 04:53:31,12.77,79.42,96.76,30,15,8.19,few clouds,0.0,0.0
Mercedes,AR,2020-04-20 04:53:32,-34.65,-59.43,61.0,79,0,5.44,clear sky,0.0,0.0
Puerto Madryn,AR,2020-04-20 04:53:33,-42.77,-65.04,57.13,38,74,17.67,broken clouds,0.0,0.0
Talnakh,RU,2020-04-20 04:53:34,69.49,88.4,37.4,69,100,29.08,overcast clouds,0.0,0.0
Trincomalee,LK,2020-04-20 04:53:35,8.57,81.23,88.77,60,51,9.75,broken clouds,0.0,0.0
Turkistan,KZ,2020-04-20 04:50:48,43.0,68.0,76.91,23,0,11.41,clear sky,0.0,0.0
Kedrovyy,RU,2020-04-20 04:53:37,56.17,91.82,51.8,18,76,17.9,broken clouds,0.0,0.0
Praia Da Vitoria,PT,2020-04-20 04:53:37,38.73,-27.07,55.4,76,40,10.07,scattered clouds,0.0,0.0
Kristinehamn,SE,2020-04-20 04:52:51,59.31,14.11,39.2,80,12,8.05,few clouds,0.0,0.0
Newcastle,AU,2020-04-20 04:48:47,-32.93,151.78,71.6,37,98,14.99,overcast clouds,0.0,0.0
Carballo,ES,2020-04-20 04:53:40,43.21,-8.69,50.0,94,86,5.19,overcast clouds,0.0,0.0
Puerto Carreno,CO,2020-04-20 04:53:41,6.19,-67.49,77.5,77,42,4.05,scattered clouds,0.0,0.0
Haverfordwest,GB,2020-04-20 04:53:42,51.8,-4.97,46.0,70,80,9.17,broken clouds,0.0,0.0
Kosa,RU,2020-04-20 04:53:43,59.94,55.0,41.99,67,0,5.44,clear sky,0.0,0.0
Quatre Cocos,MU,2020-04-20 04:53:44,-20.21,57.76,75.2,88,40,11.41,shower rain,0.0,0.0
Kudahuvadhoo,MV,2020-04-20 04:53:45,2.67,72.89,85.6,73,89,9.98,overcast clouds,0.0,0.0
Mikun,RU,2020-04-20 04:53:46,62.35,50.08,39.2,77,91,3.91,overcast clouds,0.0,0.0
Srivardhan,IN,2020-04-20 04:53:46,18.03,73.02,98.58,30,18,10.65,few clouds,0.0,0.0
Bocicoiu Mare,RO,2020-04-20 04:53:47,47.97,24.0,33.8,86,3,2.24,clear sky,0.0,0.0
Padang,ID,2020-04-20 04:53:49,-0.95,100.35,88.03,67,14,2.84,light rain,1.11,0.0
Calbuco,CL,2020-04-20 04:53:50,-41.77,-73.13,46.4,100,20,3.8,mist,0.0,0.0
El Estor,GT,2020-04-20 04:53:51,15.53,-89.35,74.12,86,11,1.1,few clouds,0.0,0.0
Bumba,CD,2020-04-20 04:53:51,2.18,22.47,73.92,79,100,2.01,overcast clouds,0.0,0.0
Anzio,IT,2020-04-20 04:53:52,41.49,12.62,59.0,94,100,3.0,moderate rain,3.99,0.0
Abalak,RU,2020-04-20 04:53:53,58.13,68.59,53.17,44,13,7.74,few clouds,0.0,0.0
Iralaya,HN,2020-04-20 04:53:54,15.0,-83.23,77.86,85,0,8.97,light rain,0.13,0.0
Nkhotakota,MW,2020-04-20 04:53:54,-12.93,34.3,74.52,63,47,14.03,light rain,0.55,0.0
Hualmay,PE,2020-04-20 04:53:55,-11.1,-77.61,69.1,80,4,6.06,clear sky,0.0,0.0
Kathmandu,NP,2020-04-20 04:49:34,27.72,85.32,73.4,43,20,2.24,few clouds,0.0,0.0
Mahibadhoo,MV,2020-04-20 04:53:57,3.78,72.97,85.84,72,78,8.43,light rain,0.15,0.0
Ahuachapan,SV,2020-04-20 04:53:57,13.92,-89.84,71.01,94,40,1.92,scattered clouds,0.0,0.0
Benguela,AO,2020-04-20 04:53:58,-12.58,13.41,76.87,80,100,15.21,moderate rain,4.07,0.0
Tapa,EE,2020-04-20 04:53:58,59.26,25.96,45.0,75,56,4.7,broken clouds,0.0,0.0
Oriximina,BR,2020-04-20 04:53:59,-1.77,-55.87,73.92,94,100,0.6,overcast clouds,0.0,0.0
Lock Haven,US,2020-04-20 04:54:00,41.14,-77.45,41.61,83,92,6.06,overcast clouds,0.0,0.0
Awka,NG,2020-04-20 04:54:01,6.21,7.07,75.36,87,98,2.91,overcast clouds,0.0,0.0
Ballina,AU,2020-04-20 04:54:02,-28.87,153.57,80.01,34,81,12.75,broken clouds,0.0,0.0
Mega,ET,2020-04-20 04:54:03,4.05,38.3,61.72,61,100,11.97,light rain,0.28,0.0
Gura Teghii,RO,2020-04-20 04:54:03,45.48,26.42,48.2,61,90,17.22,overcast clouds,0.0,0.0
Rurrenabaque,BO,2020-04-20 04:54:04,-14.44,-67.53,67.32,78,88,2.13,overcast clouds,0.0,0.0
Suure-Jaani,EE,2020-04-20 04:54:05,58.54,25.47,37.0,86,22,1.01,few clouds,0.0,0.0
Gonbad-E Qabus,IR,2020-04-20 04:54:06,37.25,55.17,57.2,93,90,3.18,fog,0.0,0.0
Maragogi,BR,2020-04-20 04:52:40,-9.01,-35.22,78.28,83,43,6.93,moderate rain,3.82,0.0
Koidu,SL,2020-04-20 04:54:07,8.42,-10.83,73.0,89,88,1.05,overcast clouds,0.0,0.0
Oranjemund,NA,2020-04-20 04:54:08,-28.55,16.43,59.95,86,17,2.48,few clouds,0.0,0.0
Luba,GQ,2020-04-20 04:54:09,3.46,8.55,77.0,100,20,4.7,few clouds,0.0,0.0
Bachaquero,VE,2020-04-20 04:52:45,9.97,-71.15,80.65,74,59,1.66,light rain,1.07,0.0
Sabzevar,IR,2020-04-20 04:54:11,36.21,57.68,69.62,22,0,0.85,clear sky,0.0,0.0
Kargasok,RU,2020-04-20 04:54:11,59.06,80.86,51.48,75,97,5.21,light rain,0.11,0.0
Volot,RU,2020-04-20 04:54:12,57.93,30.7,37.42,83,43,5.3,scattered clouds,0.0,0.0
Braganca,BR,2020-04-20 04:51:05,-1.05,-46.77,74.75,95,41,1.74,light rain,0.37,0.0
Kamenka,RU,2020-04-20 04:54:14,51.32,42.77,37.0,86,54,1.99,broken clouds,0.0,0.0
Kyrylivka,UA,2020-04-20 04:49:43,46.38,35.37,48.09,78,100,11.52,light rain,2.28,0.0
Blagoyevo,RU,2020-04-20 04:54:15,63.37,47.92,36.27,81,100,4.88,overcast clouds,0.0,0.0
Barra Do Bugres,BR,2020-04-20 04:54:16,-15.07,-57.18,71.42,89,4,0.38,clear sky,0.0,0.0
Bhilwara,IN,2020-04-20 04:54:17,25.35,74.63,91.53,21,100,5.23,light rain,0.44,0.0
Leeds,GB,2020-04-20 04:51:32,53.8,-1.55,41.0,99,4,7.49,clear sky,0.0,0.0
Ornskoldsvik,SE,2020-04-20 04:54:18,63.29,18.72,37.4,74,93,10.29,overcast clouds,0.0,0.0
Muravlenko,RU,2020-04-20 04:54:19,63.79,74.52,42.46,67,0,15.68,clear sky,0.0,0.0
Kharp,RU,2020-04-20 04:54:20,66.8,65.81,33.55,90,94,1.95,light snow,0.0,0.13
Teguldet,RU,2020-04-20 04:54:20,57.31,88.17,52.14,40,99,8.97,overcast clouds,0.0,0.0
Coro,VE,2020-04-20 04:54:22,11.4,-69.67,76.78,79,26,15.39,scattered clouds,0.0,0.0
Santarem,BR,2020-04-20 04:51:03,-2.44,-54.71,73.4,100,75,3.36,broken clouds,0.0,0.0
Plettenberg Bay,ZA,2020-04-20 04:54:23,-34.05,23.37,68.02,55,0,1.68,clear sky,0.0,0.0
Uddevalla,SE,2020-04-20 04:51:10,58.35,11.94,46.15,70,0,4.92,clear sky,0.0,0.0
Sundsvall,SE,2020-04-20 04:54:25,62.39,17.31,42.01,74,54,4.7,broken clouds,0.0,0.0
Beloha,MG,2020-04-20 04:54:26,-25.17,45.05,77.61,60,1,17.49,clear sky,0.0,0.0
Santona,ES,2020-04-20 04:54:27,43.44,-3.46,55.99,87,75,8.05,broken clouds,0.0,0.0
Sao Miguel Do Araguaia,BR,2020-04-20 04:54:28,-13.28,-50.16,71.33,88,92,2.04,light rain,2.56,0.0
Kismayo,SO,2020-04-20 04:54:16,-0.36,42.55,83.55,73,100,10.45,overcast clouds,0.0,0.0
Tarut,SA,2020-04-20 04:54:29,26.57,50.04,77.0,78,75,6.93,broken clouds,0.0,0.0
Kanniyakumari,IN,2020-04-20 04:54:30,8.08,77.57,86.34,71,29,18.21,light rain,0.84,0.0
Gamba,GA,2020-04-20 04:54:30,-2.65,10.0,76.95,87,100,4.68,light rain,2.19,0.0
Fostoria,US,2020-04-20 04:54:31,41.16,-83.42,42.8,70,1,14.99,clear sky,0.0,0.0
Buchanan,LR,2020-04-20 04:54:32,5.88,-10.05,78.8,85,100,4.63,overcast clouds,0.0,0.0
Constitucion,CL,2020-04-20 04:54:32,-35.33,-72.42,56.05,67,93,8.37,overcast clouds,0.0,0.0
Warri,NG,2020-04-20 04:54:34,5.52,5.75,77.49,88,100,2.3,overcast clouds,0.0,0.0
Carutapera,BR,2020-04-20 04:52:10,-1.2,-46.02,78.91,86,46,6.4,scattered clouds,0.0,0.0
Argentan,FR,2020-04-20 04:54:35,48.75,-0.02,48.2,93,92,5.82,overcast clouds,0.0,0.0
